"Index","Marque"
697,ACCURAY
132,AGFA
661,AIXPLORER
135,APVL
704,BAYER
702,BIOMED TEST
722,Biomed_Echosens
719,CANON
713,CANTEL MEDICAL
144,CARESTREAM
699,CGTR
705,CHU
162,COMPUMEDICS
708,CVXMEDICAL
663,DELL
166,DELTAMED
690,DELTAMED PICASSO
666,Divers
720,DOSISOFT
709,DRAGER
188,EBC
723,ECENTIAL ROBOTICS
706,EDC LAMY
191,EFCR
700,EOS IMAGING
196,ESAOTE
698,FUJI
721,FUJIFILM
200,GENERAL ELECTRIQUE
283,GIVEN
284,HAGG-STREIT
288,HEIDELBERG
669,HENRY SCHEIN
665,HEWLET PACKARD
289,HITACHI
701,HOLOGIC
290,ICN Metris
670,INOMED
298,JAEGER
667,LEXMARK
717,MAG2HEALTH
306,MARQUETTE
307,MEDATEC
313,MEDSQUARE
317,MEDTECH
320,MEDTRONIC
325,METROVISION
327,MICROMED
703,MORTARA
662,MYRIAN
347,NIDEK
355,NIHON KODEN
671,OKI
361,PHILIPS
404,PICASSO_MYRIAN
714,PICASSO_SIGMA_NEUR
405,PIGE
421,QUANTEL
422,SAGITHERM
423,SANOTEK
424,SECTRA
673,SHIMADZU
429,SIA MEDICAL
432,SIEMENS
668,SIGMACOM-TSI
446,SOLUSCOPE
680,SORIN
710,STEPHANIX
485,SUPERSONIC
716,SYNEIKA
707,SYSTEMMED
711,THERAPIXEL
490,TOPCON
493,TOSHIBA
724,TWIN MEDICAL
718,VIENNE_MEDICAL
495,VITASCAN
664,XEROX
497,ZEISS
712,ZIEHM
