"idremarque","remarque"
1,Remarques
2,""
3,""
4,""
5,""
6,""
7,""
8,""
9,""
10,""
11,""
12,""
13,""
14,""
15,""
16,""
17,""
18,""
19,""
20,""
21,""
22,""
23,""
24,""
25,""
26,""
27,""
28,""
29,""
30,""
31,""
32,""
33,""
34,""
35,""
36,Ped.
37,Ped.
38,Ped.
39,Ped.
40,Ped.
41,Ped.
42,Adultes
43,Ped.
44,adultes
45,Ped.
46,Ped.
47,Ped.
48,Ped.
49,Ped.
50,""
51,Nouveau
52,""
53,""
54,""
55,""
56,""
57,""
58,""
59,""
60,""
61,""
62,"00:00:AA:AB:0D:C3 ;9C:93:4E:1E:98:AD"
63,""
64,""
65,""
66,""
67,""
68,""
69,""
70,""
71,""
72,""
73,""
74,""
75,""
76,""
77,""
78,""
79,""
80,""
81,""
82,""
83,""
84,""
85,""
86,""
87,""
88,""
89,""
90,""
91,""
92,""
93,""
94,""
95,""
96,""
97,""
98,""
99,""
100,""
101,""
102,""
103,""
104,""
105,""
106,""
107,""
108,""
109,""
110,""
111,""
112,""
113,""
114,""
115,""
116,""
117,""
118,""
119,""
120,""
121,""
122,""
123,""
124,""
125,""
126,""
127,""
128,""
129,""
130,""
131,""
132,""
133,""
134,""
135,""
136,""
137,""
138,""
139,""
140,""
141,""
142,""
143,""
144,""
145,""
146,""
147,""
148,""
149,""
150,""
151,""
152,""
153,""
154,"172.232.5.201"
155,"172.232.5.200"
156,"10.232.5.176"
157,"10.235.5.12"
158,""
159,""
160,""
161,""
162,""
163,""
164,""
165,""
166,""
167,""
168,""
169,""
170,""
171,""
172,""
173,""
174,""
175,""
176,""
177,sommeil
178,sommeil
179,sommeil
180,sommeil  mobile
181,sommeil rel medecin
182,sommeil rel commun
183,""
184,""
185,""
186,""
187,Q/R
188,""
189,""
190,""
191,""
192,""
193,""
194,""
195,\signac 10.200.4.118
196,\signac 10.200.4.118
197,\srvfichiers 172.23.102.21
198,\srvfichiers 172.23.102.21
199,\srvfichiers 172.23.102.21
200,\srvfichiers 172.23.102.21
201,\srvfichiers 172.23.102.21
202,\srvfichiers 172.23.102.21
203,\srvfichiers 172.23.102.21
204,\srvfichiers 172.23.102.21
205,\srvfichiers 172.23.102.21
206,\srvfichiers 172.23.102.21
207,\srvfichiers 172.23.102.21
208,\srvfichiers 172.23.102.21
209,\srvfichiers 172.23.102.21
210,\srvfichiers 172.23.102.21
211,\srvfichiers 172.23.102.21
212,\srvfichiers 172.23.102.21
213,\srvfichiers 172.23.102.21
214,\srvfichiers 172.23.102.21
215,\srvfichiers 172.23.102.21
216,\srvfichiers 172.23.102.21
217,\signac 10.200.4.118
218,\signac 10.200.4.118
219,\signac 10.200.4.118
220,\signac 10.200.4.118
221,\signac 10.200.4.118
222,\signac 10.200.4.118
223,\signac 10.200.4.118
224,\signac 10.200.4.118
225,""
226,""
227,""
228,""
229,""
230,""
231,""
232,""
233,""
234,""
235,""
236,""
237,""
238,""
239,""
240,""
241,""
242,""
243,""
244,""
245,""
246,""
247,""
248,""
249,""
250,""
251,""
252,""
253,""
254,""
255,""
256,""
257,""
258,""
259,""
260,""
261,""
262,""
263,"42080"
264,""
265,""
266,""
267,""
268,"42144"
269,"42144"
270,""
271,"42080"
272,impression sur le copieur KONICA MINOLTA  biz
273,""
274,""
275,""
276,""
277,""
278,""
279,""
280,""
281,""
282,""
283,""
284,""
285,""
286,""
287,""
288,""
289,""
290,""
291,\signac 10.200.4.118
292,"10.232.5.12"
293,\signac 10.200.4.118
294,""
295,""
296,""
297,""
298,""
299,""
300,""
301,""
302,""
303,""
304,""
305,"42104"
306,"42080"
307,"42104"
308,""
309,""
310,""
311,""
312,"42104"
313,""
314,""
315,""
316,""
317,""
318,""
319,""
320,""
321,""
322,""
323,""
324,""
325,""
326,""
327,""
328,""
329,""
330,""
331,""
332,""
333,""
334,""
335,""
336,""
337,""
338,""
339,""
340,""
341,""
342,""
343,""
344,""
345,""
346,""
347,""
348,""
349,""
350,""
351,""
352,""
353,""
354,""
355,""
356,""
357,""
358,""
359,""
360,\signac 10.200.4.118
361,\signac 10.200.4.118
362,\signac 10.200.4.118
363,""
364,""
365,""
366,""
367,""
368,""
